,FundCode,类型,近1月收益,近1年收益,近3年收益,风险等级,基金规模
0,1078,-0.109587094,-0.662573003,-0.68624455,0.004947167,-2.230015457,-0.108841285
